username,film
philg2000,memoria-2021
philg2000,after-yang
philg2000,apocalypse-now
philg2000,sound-of-metal
philg2000,drive-my-car
philg2000,the-french-dispatch
philg2000,the-master-2012
philg2000,dune-2021
philg2000,lost-in-translation
philg2000,pulp-fiction
philg2000,chungking-express
philg2000,bo-burnham-inside
philg2000,la-haine
philg2000,le-samourai
philg2000,blade-runner
philg2000,eternal-sunshine-of-the-spotless-mind
philg2000,forrest-gump
philg2000,princess-mononoke
philg2000,porco-rosso
philg2000,spirited-away
philg2000,the-social-network
philg2000,the-farewell-2019
philg2000,the-lighthouse-2019
philg2000,okja
philg2000,the-hateful-eight
philg2000,pans-labyrinth
philg2000,room-2015
philg2000,shoplifters
philg2000,burning-2018
philg2000,parasite-2019
philg2000,blade-runner-2049
philg2000,three-billboards-outside-ebbing-missouri
philg2000,the-revenant-2015
idkbruh3,apocalypse-now
idkbruh3,the-thing
idkbruh3,batman-returns
idkbruh3,batman-1989
idkbruh3,bo-burnham-inside
idkbruh3,the-gentlemen
idkbruh3,1917
idkbruh3,apollo-13
idkbruh3,star-wars-episode-iii-revenge-of-the-sith
idkbruh3,star-wars
idkbruh3,the-empire-strikes-back
idkbruh3,return-of-the-jedi
idkbruh3,home-alone
idkbruh3,home-alone-2-lost-in-new-york
idkbruh3,jurassic-park
idkbruh3,scream
idkbruh3,the-lost-world-jurassic-park
idkbruh3,star-wars-episode-i-the-phantom-menace
idkbruh3,toy-story-2
idkbruh3,white-chicks
idkbruh3,the-incredibles
idkbruh3,cars
idkbruh3,freedom-writers
idkbruh3,iron-man-2008
idkbruh3,the-boy-in-the-striped-pyjamas
idkbruh3,toy-story-3
idkbruh3,x-men-first-class
idkbruh3,captain-america-the-first-avenger
idkbruh3,the-avengers-2012
idkbruh3,iron-man-3
idkbruh3,x-men-days-of-future-past
idkbruh3,john-wick
idkbruh3,avengers-age-of-ultron
idkbruh3,ant-man
idkbruh3,star-wars-the-force-awakens
idkbruh3,hush-2016
idkbruh3,captain-america-civil-war
idkbruh3,doctor-strange-2016
idkbruh3,rogue-one-a-star-wars-story
idkbruh3,get-out-2017
idkbruh3,guardians-of-the-galaxy-vol-2
idkbruh3,spider-man-homecoming
idkbruh3,black-panther
idkbruh3,avengers-endgame
idkbruh3,zack-snyders-justice-league
idkbruh3,shang-chi-and-the-legend-of-the-ten-rings
idkbruh3,spider-man-no-way-home
idkbruh3,punch-drunk-love
idkbruh3,menace-ii-society
idkbruh3,forrest-gump
idkbruh3,black-swan
idkbruh3,the-usual-suspects
idkbruh3,blackkklansman
idkbruh3,top-gun
idkbruh3,the-imitation-game
idkbruh3,boogie-nights
idkbruh3,american-history-x
idkbruh3,coach-carter
idkbruh3,argo
idkbruh3,the-dark-knight-rises
idkbruh3,revolutionary-road
idkbruh3,interstellar
idkbruh3,snowpiercer
idkbruh3,sicario-2015
idkbruh3,reservoir-dogs
idkbruh3,pulp-fiction
idkbruh3,no-country-for-old-men
idkbruh3,casino-royale-2006
idkbruh3,prisoners
idkbruh3,knives-out-2019
idkbruh3,inception
idkbruh3,her
ilminchione5542,apocalypse-now
ilminchione5542,reservoir-dogs
ilminchione5542,the-evil-dead
ilminchione5542,punch-drunk-love
ilminchione5542,borat-cultural-learnings-of-america-for-make-benefit-glorious-nation-of-kazakhstan
ilminchione5542,borat-subsequent-moviefilm
ilminchione5542,la-strada
ilminchione5542,once-upon-a-time-in-hollywood
ilminchione5542,monty-python-and-the-holy-grail
ilminchione5542,minority-report
ilminchione5542,eyes-wide-shut
ilminchione5542,seven-samurai
ilminchione5542,la-haine
ilminchione5542,close-up
ilminchione5542,midsommar
ilminchione5542,django-unchained
ilminchione5542,batman-begins
ilminchione5542,raiders-of-the-lost-ark
ilminchione5542,batman-1989
ilminchione5542,star-wars-episode-iii-revenge-of-the-sith
ilminchione5542,who-is-america
ilminchione5542,larry-david-curb-your-enthusiasm
ilminchione5542,twin-peaks
ilminchione5542,alien
ilminchione5542,the-empire-strikes-back
ilminchione5542,blade-runner
ilminchione5542,goodfellas
ilminchione5542,the-silence-of-the-lambs
ilminchione5542,no-country-for-old-men
ilminchione5542,the-dark-knight
ilminchione5542,the-batman
ilminchione5542,andrei-rublev
ilminchione5542,being-there
ilminchione5542,prisoners
ilminchione5542,another-round
ilminchione5542,barry-lyndon
ilminchione5542,throne-of-blood
ilminchione5542,citizen-kane
ilminchione5542,chinatown
ilminchione5542,star-wars
ilminchione5542,inglourious-basterds
ilminchione5542,do-the-right-thing
ilminchione5542,full-metal-jacket
ilminchione5542,the-shining
ilminchione5542,a-clockwork-orange
ilminchione5542,the-lord-of-the-rings-the-fellowship-of-the-ring
ilminchione5542,the-lord-of-the-rings-the-two-towers
ilminchione5542,8-half
ilminchione5542,training-day
ilminchione5542,the-deer-hunter
ilminchione5542,dog-day-afternoon
ilminchione5542,the-godfather-part-ii
ilminchione5542,dr-strangelove-or-how-i-learned-to-stop-worrying-and-love-the-bomb
ilminchione5542,13-assassins
ilminchione5542,pig-2021
ilminchione5542,the-lighthouse-2019
ilminchione5542,the-godfather
ilminchione5542,raging-bull
ilminchione5542,taxi-driver
ilminchione5542,se7en
ilminchione5542,pulp-fiction
ilminchione5542,boogie-nights
ilminchione5542,there-will-be-blood
ilminchione5542,parasite-2019
mrsophisticatio,ivans-childhood
mrsophisticatio,psycho
mrsophisticatio,the-human-condition-ii-road-to-eternity
mrsophisticatio,fantasia
mrsophisticatio,ikiru
mrsophisticatio,m
mrsophisticatio,the-human-condition-i-no-greater-love
mrsophisticatio,paths-of-glory
mrsophisticatio,the-texas-chain-saw-massacre
mrsophisticatio,badlands
mrsophisticatio,solaris
mrsophisticatio,a-clockwork-orange
mrsophisticatio,donkey-skin
mrsophisticatio,one-flew-over-the-cuckoos-nest
mrsophisticatio,eraserhead
mrsophisticatio,star-wars
mrsophisticatio,pink-floyd-the-wall
mrsophisticatio,apocalypse-now
mrsophisticatio,the-empire-strikes-back
mrsophisticatio,once-upon-a-time-in-america
mrsophisticatio,return-of-the-jedi
mrsophisticatio,the-thing
mrsophisticatio,goodfellas
mrsophisticatio,mommy-2014
mrsophisticatio,moonlight-2016
mrsophisticatio,schindlers-list
mrsophisticatio,la-haine
mrsophisticatio,se7en
mrsophisticatio,donnie-darko
mrsophisticatio,american-beauty
mrsophisticatio,american-history-x
mrsophisticatio,mulholland-drive
mrsophisticatio,neon-genesis-evangelion-the-end-of-evangelion
mrsophisticatio,lost-highway
mrsophisticatio,perfect-blue
mrsophisticatio,american-psycho
mrsophisticatio,requiem-for-a-dream
mrsophisticatio,dancer-in-the-dark
mrsophisticatio,city-of-god
mrsophisticatio,memories-of-murder
mrsophisticatio,dogville
mrsophisticatio,saw
mrsophisticatio,downfall
mrsophisticatio,zodiac
mrsophisticatio,there-will-be-blood
mrsophisticatio,no-country-for-old-men
mrsophisticatio,i-saw-the-devil
mrsophisticatio,melancholia
mrsophisticatio,the-tree-of-life-2011
mrsophisticatio,the-hunt-2012
mrsophisticatio,the-wind-rises
mrsophisticatio,her
mrsophisticatio,nymphomaniac
mrsophisticatio,nymphomaniac-volume-ii
mrsophisticatio,nymphomaniac-volume-i
mrsophisticatio,hereditary
mrsophisticatio,lords-of-chaos
mrsophisticatio,portrait-of-a-lady-on-fire
mrsophisticatio,the-lighthouse-2019
